{
  "chicken thighs": 2.995732273553991,
  "cumin": 1.3862943611198906,
  "garam masala": 2.302585092994046,
  "butter": 1.8971199848858813,
  "tomato puree": 2.995732273553991,
  "salt": 0.6931471805599453,
  "cream": 2.302585092994046,
  "coriander powder": 1.8971199848858813,
  "chili powder": 1.8971199848858813,
  "ginger-garlic paste": 1.8971199848858813,
  "corn tortillas": 2.995732273553991,
  "onion": 1.2039728043259361,
  "pork shoulder": 2.995732273553991,
  "cilantro": 2.995732273553991,
  "chili peppers": 2.995732273553991,
  "coriander": 2.302585092994046,
  "pineapple": 2.995732273553991,
  "garlic": 1.2039728043259361,
  "egg noodles": 2.995732273553991,
  "beef sirloin": 2.995732273553991,
  "beef broth": 2.995732273553991,
  "flour": 2.302585092994046,
  "mushrooms": 2.995732273553991,
  "sour cream": 2.995732273553991,
  "olives": 2.302585092994046,
  "oregano": 2.302585092994046,
  "red onion": 2.302585092994046,
  "cucumber": 1.8971199848858813,
  "olive oil": 1.8971199848858813,
  "feta cheese": 2.302585092994046,
  "tomatoes": 1.3862943611198906,
  "vegetable oil": 1.6094379124341003,
  "fish sauce": 2.302585092994046,
  "cooked jasmine rice": 2.995732273553991,
  "eggs": 1.6094379124341003,
  "bell peppers": 1.8971199848858813,
  "chicken or tofu": 2.995732273553991,
  "basil leaves": 2.995732273553991,
  "soy sauce": 1.6094379124341003,
  "bird\u2019s eye chili": 2.995732273553991,
  "shrimp": 2.995732273553991,
  "peanuts": 2.995732273553991,
  "tamarind paste": 2.995732273553991,
  "bean sprouts": 2.995732273553991,
  "rice noodles": 2.995732273553991,
  "tofu": 2.995732273553991,
  "palm oil": 1.8971199848858813,
  "stockfish": 1.8971199848858813,
  "beef": 1.8971199848858813,
  "ewedu leaves (jute leaves)": 2.302585092994046,
  "yam flour (elubo)": 2.302585092994046,
  "gbegiri (bean soup)": 2.302585092994046,
  "seasoning cubes": 1.6094379124341003,
  "goat meat": 2.302585092994046,
  "ground pepper": 1.8971199848858813,
  "locust beans (iru)": 1.8971199848858813,
  "assorted meat (optional)": 2.302585092994046,
  "water": 2.302585092994046,
  "ground crayfish": 1.8971199848858813,
  "ginger": 2.302585092994046,
  "chicken": 2.302585092994046,
  "tahini sauce": 2.995732273553991,
  "pita bread": 2.995732273553991,
  "parsley": 2.995732273553991,
  "chickpeas": 2.995732273553991,
  "cayenne pepper": 2.995732273553991,
  "chickenchicken breast": 2.995732273553991,
  "ground peanuts": 2.995732273553991,
  "onions": 2.302585092994046,
  "suya spice mix": 2.995732273553991,
  "paprika": 2.995732273553991,
  "yogurt": 2.302585092994046,
  "ghee": 2.995732273553991,
  "biryani masala": 2.995732273553991,
  "basmati rice": 2.995732273553991,
  "saffron": 2.995732273553991,
  "corn": 2.995732273553991,
  "ramen noodles": 2.995732273553991,
  "sesame oil": 2.995732273553991,
  "miso paste": 2.995732273553991,
  "green onions": 2.995732273553991,
  "chicken stock": 2.995732273553991,
  "sweet corn": 2.995732273553991,
  "green beans": 2.995732273553991,
  "cooked rice": 2.995732273553991,
  "spring onions": 2.995732273553991,
  "peas": 2.995732273553991,
  "carrots": 2.995732273553991,
  "egg yolks": 2.995732273553991,
  "spaghetti": 2.302585092994046,
  "black pepper": 2.995732273553991,
  "parmesan cheese": 2.995732273553991,
  "pancetta": 2.995732273553991,
  "paneer cubes": 2.995732273553991,
  "lemon juice": 2.995732273553991,
  "turmeric": 2.995732273553991,
  "yam": 2.995732273553991,
  "assorted meat": 2.995732273553991,
  "egusi (melon seeds)": 2.995732273553991,
  "spinach or bitter leaf": 2.995732273553991,
  "thyme": 2.995732273553991,
  "red bell pepper": 2.995732273553991,
  "curry powder": 2.995732273553991,
  "sushi rice": 2.995732273553991,
  "avocado": 2.995732273553991,
  "rice vinegar": 2.995732273553991,
  "crab sticks": 2.995732273553991,
  "nori sheets": 2.995732273553991
}